318,1673
1867,3012
3121,4464
4644,4865
4869,5981
6030,7970
8065,10593
10728,12242
12258,12776
12918,13886
13843,14814
14795,15874
16219,17325
17344,19323
19311,19922
19924,20256
20308,21426
21652,23085
23132,23953
24194,24934
24950,25351
25351,25839
25862,26665
26640,27467
27495,28199
28254,28895
29100,31004
31088,31963
32197,32535
32571,33380
33397,34452
34654,35619
35616,38018
38031,39383
39385,40470
40705,41730
41803,43188
43175,44266
44282,45223
45325,46434
46451,47230
47335,47994
48074,49306
49585,49878
49934,50470
50514,50753
50907,51518
51775,52389
52373,52534
52630,53925
53944,54672
54839,56812
56815,57261
57286,58638
58897,60189
60506,60799
60948,64154
64144,64659
64677,64928
64950,66146
66160,70656
70676,71071
71064,71363
71360,72061
72062,72394
72408,74222
74239,75228
75342,75665
75832,76125
76262,76984
77149,77406
77863,78066
78090,78374
78362,78811
79047,79820
79817,80869
80892,81530
81661,82617
82959,84437
84451,84849
85025,85627
85902,86228
86323,86691
86747,87730
88121,88810
88888,94767
94764,97070
97127,97369
97381,98412
98409,99905
99902,100771
100772,102142
102155,102478
102468,103028
103204,103836
104134,105099
105123,105929
105951,106862
106988,107377
107499,107849
107915,108208
108320,108610
108624,109256
109349,109720
110013,112283
112386,113288
113313,115094
115087,116829
116972,117805
117841,118956
119063,119770
119740,120435
120654,121106
121112,121447
121664,122092
122104,122520
122798,123187
123200,123712
123760,124062
124104,124508
124495,126363
126360,127178
127188,128324
128314,128613
128628,129203
129218,129697
129694,130230
130249,130671
130652,131380
131419,133773
133961,134710
134782,136290
136469,136702
136714,136992
137323,138897
138999,139949
139960,140853
141052,141336
141337,141705
141618,143006
143016,143258
143366,143722
143986,144273
144097,144273
144397,144840
145354,145560
145869,146306
146306,146656
146764,147381
147399,147764
147884,148291
148354,150009
150232,151173
151186,151890
151839,152645
152648,153328
153608,155947
155993,156805
157089,159470
159663,161378
161420,162250
162467,163459
163465,164298
164309,164698
164756,165508
165492,165764
165761,166642
166687,166971
167086,167943
168005,169270
169510,172008
172903,173208
173309,174556
174834,175694
175766,177760
177924,179138
179174,180052
180052,180900
180928,182184
182267,185569
185572,187863
187867,189528
189625,190398
190690,191916
192018,192593
192586,193473
193593,193850
193989,194870
194892,195629
195793,196611
196786,197463
197512,198204
198201,199409
200094,200402
200522,200830
201217,202590
202641,203597
203640,204353
204624,205577
205819,207408
207739,209271
209470,211389
211425,212294
212366,212689
212824,213285
213336,213668
213735,214409
214486,215427
215721,216344
216434,217018
217125,217685
217800,221339
221370,222959
222983,223261
223490,223876
224027,224455
224562,226508
226854,228929
229045,229824
229840,230724
230840,231766
232662,233477
233491,233865
233858,234337
234414,235409
235524,237020
248555,249013
249026,249544
249541,250563
250592,253054
253200,254573
254707,255780
255800,256498
256491,256964
256983,258458
258856,259470
259477,260892
260896,261306
261306,262061
262064,262576
262657,263262
263366,263515
263535,263714
263844,264377
264432,264902
265029,265454
265494,266183
266431,266931
267010,267372
267530,267916
267909,268949
269067,269729
269754,270257
270372,270977
271324,272502
273003,276557
276728,280333
280410,280955
281021,282481
282755,284227
284365,286011
286219,287718
287853,288992
289139,289555
289562,290521
290593,291228
291312,293198
293212,293841
293845,295281
295401,296213
296349,296852
296889,297551
297810,298652
298669,299490
299607,300578
300617,301717
302008,304140
304133,304684
304942,305613
305775,306554
306644,307306
307303,308319
308334,309155
309538,310719
310932,311645
311830,313662
313659,314981
314984,315823
315945,316775
316873,318375
319049,319528
319560,320423
320542,321279
321490,322128
322134,324005
324104,325417
325422,325712
325729,327120
327113,327454
327621,327905
327941,328495
328701,329966
329923,330999
331063,331446
331543,332688
333534,335195
335350,336426
336541,337161
337161,338363
338341,339087
339270,340055
340278,340952
340945,341754
341751,342554
342551,343195
343221,344636
344850,346049
346377,347036
347219,347611
347658,348428
348586,349065
349326,350228
350392,351264
351459,355505
355643,356323
356567,356872
356890,357705
357775,359676
360172,360507
360936,366272
366508,367032
367248,367532
367533,367901
367898,369373
369377,369757
370032,370403
370416,370634
370732,371064
371130,373127
373129,373785
373832,374596
374621,375067
375074,375838
375842,376492
376514,377509
377531,377872
377888,378319
378404,378781
378964,379728
379794,380207
380253,381779
382016,383536
383710,384726
384926,385372
385386,386780
386780,387640
387697,388467
388451,388678
388807,389541
389538,389717
389813,390430
390529,391473
391604,393052
393086,394246
394264,395529
395602,396111
396208,396927
396964,397299
397340,398053
398210,399652
399645,400979
400997,401299
401386,401580
401619,402539
402641,403060
403279,403725
403743,404198
404365,404994
405221,405607
405680,406441
406637,408103
408116,408937
408954,409931
409944,411860
411992,412363
412457,412825
412849,413964
414095,414760
414928,415227
415224,416168
416203,416652
416796,417479
417535,417960
417963,418763
418891,419373
419544,420002
419999,420331
420335,421447
421469,424096
424130,426064
426190,426606
426597,426995
427104,428111
428127,428507
428576,428968
428981,429403
429630,432095
433153,434745
434945,435817
436161,436352
436379,437188
437482,438882
439009,439212
439214,439624
439677,439976
440056,440610
440758,441570
441622,442872
442869,443300
443303,443851
444031,444888
445049,447010
447010,447474
447471,447791
447804,448910
448926,451508
451531,452406
452524,453093
453107,453853
454534,456936
457021,458913
459681,465722
465934,466419
466517,467362
467519,468136
468169,469437
469575,470078
470122,472158
472330,472644
472781,473710
473936,476716
476960,478447
478721,479710
479765,481153
481250,482701
482713,482868
483166,483891
483934,484599
484620,485375
485493,487652
487649,488797
488802,489749
489905,491500
491634,492917
492918,494018
494011,495561
496381,497919
498171,500240
500306,500779
500799,501284
501312,501617
501693,501959
502198,502362
502424,502660
502899,504629
504674,504997
504972,505277
505351,506223
506368,506997
507723,508733
509400,510287
510190,511212
511215,511562
511966,512208
512291,513268
514004,514381
514681,515058
515391,515750
516076,516636
516746,518446
518597,519700
519789,520268
520426,520791
520961,521536
521601,521771
521863,522591
522628,523521
523719,525713
525813,526688
526754,527512
527580,528488
528563,530323
530515,531108
531294,532253
532328,532552
532603,534111
534307,534756
534753,535421
535428,536078
536187,538247
538251,538853
538881,539348
539365,539763
539774,540424
540421,541467
541483,541776
541791,543062
543202,544137
544923,545501
545609,546289
546314,546673
546680,547138
547520,549337
549438,549869
549916,551346
551467,552282
552563,552931
553078,554493
554624,555628
555660,556976
557178,557930
558037,558480
558526,560187
560443,561774
561819,562559
562789,564264
564257,565753
565764,567014
567030,569081
569094,569948
570008,570838
570916,571185
571204,572559
572600,573568
573740,575062
575166,576437
576403,577584
577632,578648
578886,580079
580119,581039
581150,581500
581519,582505
582526,583047
583072,583452
583507,584757
585015,585962
586329,586994
587012,589033
589066,589362
589406,590248
590324,591355
591412,592047
592257,593438
593528,595006
595135,595842
595843,596538
596580,597620
598020,598925
598968,600344
600837,601148
601149,601466
601463,602218
602208,602930
602909,603535
603536,604120
604121,605404
605401,606042
606039,607220
607372,608199
608184,608480
608557,609588
609629,610924
611240,612634
612678,613406
613836,615299
615353,615811
615825,616577
616742,616951
616973,617629
617660,618844
618932,620380
620805,623135
623251,624423
624682,625395
625463,626488
626506,628971
629088,630491
630629,631042
631045,632811
632811,633581
633709,634251
634479,635279
635317,636423
636440,637717
638165,638692
638781,639482
639558,640106
640300,640632
640625,641215
641208,642308
642414,642914
642962,643348
643400,643744
643891,645231
645397,645858
645878,647590
647587,649404
649520,649819
649864,651633
651794,652420
652589,653044
653041,653982
654078,654611
654608,654850
654957,656708
656749,657243
657323,658465
658572,659027
659083,659475
659572,660312
660398,660676
660692,660958
660996,661439
661470,662171
662257,663936
664242,668990
669086,669361
669423,669950
670309,672339
672341,672793
672794,673855
673870,674178
674205,675473
675563,676267
676372,676788
676802,677395
678494,679123
679763,680296
680360,681277
681543,683423
683519,684247
684390,685040
685083,686903
687138,688529
688619,689458
689541,689825
689923,690873
690897,691538
691581,694271
694317,694964
694973,695509
695496,696416
696606,696815
696883,697590
697634,698197
698317,698733
698785,699420
699410,700306
700537,700821
700876,701184
701247,702062
702088,702954
703128,703691
703688,703951
703961,704338
704452,705387
705380,706150
706408,707292
707310,707486
707612,708220
709134,709562
709601,709810
709829,710749
711121,711435
711428,712195
712208,712480
712483,713244
713260,714306
714353,716428
716450,717673
717670,718449
718478,719266
719291,719626
719653,720504
720464,721291
721301,721801
721824,723737
723750,724658
724896,725759
726034,726393
726413,728269
728282,728581
728600,729010
729026,730072
730074,730496
730516,731751
731765,732001
732022,733014
733017,734564
734570,735973
735996,737162
737269,737733
737743,738171
738191,739711
739723,740598
740610,741899
741918,742304
742276,742557
742578,742979
742991,743401
743418,743714
743782,745434
745437,746543
746530,747222
747219,748520
748537,749205
749219,749863
749985,750311
750311,750634
750680,751327
751598,753328
753490,755295
755308,756036
756079,756291
756494,756637
756738,758543
758656,759396
759479,759958
759972,760310
760455,760859
761552,763468
763798,764307
764465,765469
765683,766354
766351,766797
766810,767742
767766,769619
769639,771012
771026,771685
771949,772326
772310,772999
772996,773700
773715,775715
775744,776247
776398,776697
776761,777102
777209,777496
777493,777699
777692,778207
778262,778558
778654,779490
779616,780296
780377,780988
781103,781924
781896,782801
782794,783774
783901,784788
784788,785747
785754,786362
786372,786992
787320,788576
788642,789514
789520,790509
790662,791960
791977,792867
792879,793754
793777,795030
795034,796062
796075,797193
797353,798105
798141,798788
798828,799817
799996,800925
800965,801297
801336,802202
802356,802739
803201,803548
803745,804212
804382,804729
804887,805765
805784,806596
806770,807255
807255,807689
807976,810792
810985,811620
811813,813189
813451,817878
817914,818762
818789,819265
819389,820039
820145,821035
821070,821771
821886,822527
822611,823531
823638,824168
824423,824884
824936,826396
826752,827513
827666,828016
828168,830108
830259,830897
831025,833073
833117,833587
833615,834076
834287,834829
834845,835939
835939,836748
836745,837551
837548,838621
838751,839452
839520,840062
840200,841072
841157,842086
842313,842765
842781,843287
843311,843724
843949,846579
846594,847442
847552,848109
848126,848788
848804,849193
849314,850138
850216,851184
851225,852505
852704,854338
854443,854748
854745,855581
855759,859406
859656,861617
861731,862642
863322,863606
863798,864688
864824,865537
865530,866534
866577,866990
867163,868800
869095,870480
870587,871807
871940,872410
872616,875258
875721,881855
881992,882249
882328,882705
882962,884065
884170,885270
885440,886882
886875,887603
887652,889502
890069,890215
890439,891197
891277,891831
891848,892189
892192,892512
892662,893774
893838,895211
895278,895991
896003,897028
897273,898592
898589,899467
899454,900287
900303,901835
901837,902751
902773,903840
903837,905510
905962,907524
907654,907830
907979,908467
908499,909056
909159,910157
910173,910484
910517,910870
910998,912164
912372,914390
914405,914734
914735,915070
915090,916415
916436,917164
917164,918117
918135,918902
919020,920408
920452,920928
921062,921544
921537,923012
923161,924540
924542,924898
924917,926023
926229,926507
926511,926858
927110,927946
927952,928308
928311,928721
928738,929742
929892,930236
930220,930693
930671,931450
931451,932050
932257,933882
933959,936136
936136,936603
936986,937147
937202,937594
937739,939025
939106,939819
940316,940696
940810,941484
941615,942112
942148,943497
943526,944200
944243,945379
945520,945912
945915,947018
947101,947604
947718,948530
948754,950220
950363,950668
950673,951941
951956,952306
952318,953769
953842,955740
956031,957602
957724,958764
958783,959622
959711,960631
960748,961221
961469,962584
962607,963263
963294,965255
965513,966136
966245,966913
967029,967760
967784,968779
968819,969424
969549,970496
971037,972176
972197,972706
972719,973459
973509,973670
973758,974216
974229,974975
975071,976033
976065,977039
977051,978856
979059,979529
979762,980064
980177,981307
981317,981544
981743,982960
982957,983646
983768,984814
984823,985722
985743,986564
986722,987180
987274,987501
987735,988049
988065,988910
989099,990232
990248,990952
990968,991690
991810,992865
992978,993886
993900,995126
995210,995767
995790,996704
996739,997557
997795,998379
998396,998863
999022,999690
999722,1000516
1000535,1001425
1001503,1002291
1002319,1003593
1003593,1003829
1003855,1005039
1005036,1006568
1006959,1007633
1007669,1008112
1008130,1008879
1009098,1010117
1010313,1011077
1011074,1011826
1011860,1013335
1013475,1014527
1014540,1015019
1015153,1015608
1015605,1016033
1016030,1016941
1016934,1017788
1017870,1019438
1019545,1019970
1020022,1021383
1021665,1022432
1022535,1023302
1023346,1024680
1024761,1025129
1025159,1026190
1026376,1026855
1026871,1029045
1029208,1029819
1029965,1030756
1030757,1032229
1032333,1032617
1032924,1033190
1033190,1034908
1035021,1036055
1036068,1036928
1036971,1038116
1038336,1038557
1038863,1039096
1039297,1039749
1039746,1040624
1040672,1041382
1041446,1042561
1042605,1043450
1043821,1045014
1045007,1045855
1045869,1046771
1046886,1047377
1047490,1048185
1048266,1049138
1049273,1049986
1049983,1051041
1051038,1051676
1051695,1052354
1052509,1053429
1053426,1054277
1054319,1055284
1055393,1057060
1057067,1057276
1057761,1058531
1058580,1059608
1059872,1061275
1061291,1062115
1062108,1063064
1063061,1064524
1064521,1066377
1066397,1067662
1067723,1068526
1068594,1069175
1069156,1069818
1069821,1070492
1070597,1071367
1071462,1072685
1072664,1073149
1073146,1073568
1073552,1073800
1073813,1074295
1074324,1075325
1075360,1075848
1075860,1076858
1076989,1077543
1077592,1078143
1078977,1080092
1080095,1081072
1081183,1082817
1082822,1084225
1084413,1084724
1084853,1085806
1085806,1086078
1086100,1086630
1086772,1087434
1087409,1088854
1088941,1090362
1090375,1091043
1091110,1092054
1092255,1092869
1093000,1093773
1093965,1095803
1095975,1096835
1096874,1097116
1097322,1097603
1097786,1098988
1099266,1102706
1102858,1103757
1104048,1104851
1104863,1105864
1106041,1107759
1107975,1109663
1109705,1110577
1110769,1113627
1113759,1115630
1115647,1116513
1116532,1117092
1117093,1118079
1118082,1118912
1118932,1121022
1121098,1121808
1121805,1122830
1122918,1124078
1124079,1124462
1124484,1125467
1125482,1126495
1126704,1128194
1128206,1129030
1129043,1129351
1129412,1129816
1129945,1131501
1131558,1132760
1132787,1132987
1133466,1133696
1133698,1134117
1134472,1136595
1136900,1137400
1137533,1137868
1137997,1138914
1138930,1139940
1139940,1142099
1142099,1144549
1144533,1144928
1145211,1145711
1145723,1145944
1145941,1146231
1146228,1147412
1147603,1149003
1149011,1149385
1149406,1149720
1149887,1152475
1153010,1153783
1153848,1154204
1154864,1156381
1156384,1157241
1157592,1158008
1158020,1158388
1158425,1158844
1158930,1159403
1159393,1159830
1160220,1160753
1160778,1161230
1161220,1161675
1161689,1162711
1162666,1163280
1163277,1163996
1164245,1165960
1165962,1167608
1167645,1167953
1168021,1168368
1168390,1169541
1170002,1171621
1171662,1172009
1172076,1172648
1172797,1173036
1173144,1173551
1173643,1174122
1174241,1175605
1175602,1176156
1176304,1176654
1176660,1177091
1177116,1177865
1177862,1178419
1178421,1179167
1179168,1179743
1180152,1181036
1181338,1181625
1181720,1182421
1182440,1184104
1184142,1184801
1184818,1185330
1185375,1187195
1187192,1187539
1187552,1187989
1188014,1188289
1188293,1188928
1188949,1189788
1189785,1190264
1190269,1190532
1190547,1191542
1191549,1192958
1192974,1194092
1194120,1194824
1194890,1196083
1196097,1197182
1197172,1198047
1198637,1199776
1200051,1200632
1200625,1202082
1202171,1203592
1203634,1204998
1205018,1205899
1205922,1206575
1206590,1207111
1207111,1208571
1208603,1208887
1209053,1209808
1209821,1210462
1210459,1211031
1211046,1211315
1211308,1211853
1211869,1212990
1212983,1213426
1213636,1215087
1215128,1215679
1215993,1216487
1216820,1218178
1218175,1219122
1219135,1219767
1219783,1220904
1220901,1221497
1221487,1222056
1222062,1222811
1222798,1223829
1223826,1224551
1224548,1225300
1225300,1226781
1226778,1227563
1227556,1228266
1228347,1228997
1228994,1229290
1229277,1229954
1229967,1230773
1230773,1232308
1232272,1232838
1232884,1233351
1233366,1233815
1233904,1234434
1234465,1234776
1234779,1235330
1235670,1236539
1236836,1237822
1237934,1239013
1239039,1239797
1239842,1240201
1240358,1240681
1241048,1242100
1242100,1244508
1244669,1245370
1245384,1248794
1248892,1249344
1249360,1252560
1252667,1253341
1253379,1254305
1254459,1254722
1254722,1255264
1255357,1257069
1257092,1259449
1259530,1259841
1259917,1261728
1261917,1263131
1263187,1263681
1263829,1264629
1264642,1265388
1265392,1266003
1266040,1266564
1267115,1268473
1268515,1269108
1269262,1269669
1269834,1270433
1270465,1270725
1270849,1272261
1272286,1272549
1272717,1273193
1273231,1273476
1273473,1274678
1274883,1275542
1275845,1276693
1277312,1278025
1278056,1279702
1279721,1281205
1281321,1281773
1281820,1282284
1282473,1283393
1283413,1284660
1284644,1285474
1285610,1286749
1286830,1287225
1287376,1287591
1287710,1288243
1288261,1288926
1289188,1290126
1290241,1291524
1291710,1292969
1293088,1293654
1293689,1294258
1294360,1294902
1294912,1295775
1295772,1296557
1296691,1297551
1297823,1299901
1299964,1301268
1301551,1302453
1302474,1303013
1303027,1304436
1304457,1305236
1305390,1305758
1305781,1306092
1306095,1306967
1307009,1307605
1307763,1308170
1308351,1310318
1310315,1312774
1312857,1313324
1313654,1315435
1315767,1317563
1317596,1319464
1319677,1320375
1320608,1322284
1322410,1323327
1323450,1323683
1323794,1325017
1325010,1326236
1326440,1326808
1326879,1328213
1328357,1329652
1329696,1330217
1330247,1330861
1331018,1331347
1331439,1331666
1331813,1333807
1334028,1334267
1334318,1335160
1335179,1335910
1335932,1336438
1336448,1337752
1337742,1338947
1338925,1339299
1339592,1340320
1340320,1340877
1341107,1341865
1341879,1342667
1342682,1343824
1343838,1345100
1345140,1346846
1346951,1351285
1351467,1351934
1351964,1353082
1353097,1353381
1353374,1353673
1353696,1356035
1356032,1356310
1356327,1356671
1356769,1357683
1357753,1358697
1358834,1359103
1359352,1361523
1361564,1362604
1362765,1363244
1363272,1363739
1363272,1363628
1363826,1363975
1364031,1364570
1364669,1366207
1366220,1366432
1366457,1367425
1367559,1368650
1368668,1368985
1368982,1369449
1369412,1369696
1369683,1370111
1370108,1370431
1370445,1371476
1371454,1372476
1373015,1374103
1374119,1375465
1375462,1376928
1376968,1377348
1377410,1377682
1377695,1378660
1378840,1379901
1380004,1380561
1380720,1381187
1381201,1382565
1382569,1382976
1383007,1383393
1383489,1384343
1384362,1385714
1385704,1385931
1385934,1386815
1387014,1387214
1387381,1389210
1389207,1390031
1390222,1390671
1390694,1392385
1392514,1393380
1393517,1394584
1394599,1396026
1396051,1397046
1397063,1398046
1398077,1399327
1399699,1400796
1400941,1402359
1402550,1403230
1403227,1404678
1404714,1405541
1405578,1405859
1405945,1406226
1406366,1406713
1406742,1407818
1407859,1408818
1409070,1409996
1410148,1412421
1412455,1413294
1413646,1414719
1415152,1416693
1416686,1417738
1417735,1418685
1418803,1420095
1420076,1421362
1421454,1422185
1422236,1423165
1423255,1423833
1423902,1425146
1425419,1426465
1426766,1428328
1428442,1428939
1428945,1429748
1429765,1430127
1430237,1432819
1432839,1434644
1434661,1435209
1435635,1437866
1437943,1438689
1438724,1439254
1439421,1440614
1440748,1441296
1441313,1441540
1441581,1442114
1442368,1443687
1443873,1445042
1445192,1446358
1446383,1446982
1447052,1448296
1448315,1449583
1449647,1450684
1450701,1451597
1451813,1452799
1452796,1454310
1454347,1455177
1455316,1456662
1456775,1457446
1457461,1458387
1458389,1459045
1459049,1460242
1460534,1461094
1461343,1461726
1461866,1463467
1463506,1464156
1464209,1465549
1465638,1467305
1467325,1468206
1468221,1469432
1469444,1470487
1470685,1472850
1472980,1473588
1473889,1474689
1474802,1475908
1475944,1476651
1476642,1476968
1477050,1477934
1478071,1478496
1478477,1479355
1479330,1480103
1480246,1481172
1481188,1482081
1482096,1483403
1483549,1484544
1484590,1485711
1485708,1486412
1486480,1487604
1487699,1489579
1489599,1490039
1490229,1491053
1491087,1493153
1493146,1494036
1494317,1495084
1495221,1495850
1495899,1496804
1496801,1497196
1497221,1497616
1497594,1498079
1498096,1500252
1500268,1501227
1501415,1501861
1501881,1502054
1502252,1503019
1503020,1503964
1504037,1505170
1505312,1507153
1507187,1507762
1507804,1508841
1508988,1510145
1510234,1511262
1511375,1511812
1511858,1513684
1513917,1514171
1514257,1515288
1515356,1517578
1517613,1518173
1518245,1518847
1518950,1519681
1519736,1520092
1520097,1520672
1520659,1521225
1521243,1521533
1521533,1522354
1522374,1523474
1523471,1523992
1524154,1525962
1525997,1526698
1526748,1527371
1527422,1527904
1528098,1528727
1528724,1529377
1529454,1530524
1530727,1531353
1531398,1531700
1531716,1532132
1532129,1532401
1532493,1535132
1535439,1536134
1536143,1537648
1537815,1538501
1538498,1539937
1539979,1542375
1542403,1543041
1543082,1543822
1543940,1545055
1545074,1546222
1546608,1547885
1548034,1548456
1548701,1549906
1549920,1550285
1550435,1550815
1550854,1552629
1552632,1553909
1554360,1555643
1555680,1556132
1556148,1558364
1558570,1559091
1559081,1561432
1561538,1561882
1561978,1564242
1564343,1564633
1564776,1565105
1565139,1566278
1566365,1567393
1567397,1568404
1568420,1569025
1569149,1570084
1570154,1570879
1570990,1571838
1571905,1573194
1573354,1574847
1574922,1575740
1576107,1576397
1576411,1576728
1576747,1577055
1577212,1578573
1578625,1579425
1579428,1580105
1580283,1580801
1580804,1581691
1581777,1582790
1583242,1583916
1583928,1584638
1584850,1586139
1586201,1588852
1589175,1590464
1590477,1591451
1591448,1592170
1592167,1593096
1593100,1594407
1594535,1595119
1595227,1597149
1597499,1598422
1598432,1599808
1599814,1600278
1600356,1600958
1600975,1601796
1601820,1604447
1604613,1605875
1605895,1607016
1607053,1607514
1607671,1608048
1608166,1609923
1610206,1611165
1611449,1612405
1612395,1613279
1613497,1616823
1616945,1617880
1617901,1619214
1619240,1619926
1620091,1621188
1621230,1622342
1622583,1623047
1623099,1624292
1624316,1625314
1625505,1626002
1626064,1626600
1626620,1627633
1627812,1628615
1628647,1629597
1629594,1630754
1630751,1631503
1631516,1632712
1632728,1633759
1633933,1635144
1635146,1636285
1636412,1638127
1638420,1638908
1639120,1639722
1639998,1640198
1640225,1641004
1641284,1642543
1642865,1643872
1644106,1645191
1645412,1645936
1645958,1646413
1646669,1647781
1647821,1648366
1648511,1649854
1650149,1652500
1652810,1653427
1653433,1654233
1654268,1654579
1654691,1654909
1654902,1655975
1656173,1656484
1656521,1656769
1656903,1657754
1657815,1658459
1658466,1659248
1659457,1660926
1660923,1661363
1661588,1662457
1662570,1663982
1664057,1664470
1664575,1665405
1665444,1666097
1666107,1667720
1667831,1669444
1669529,1669966
1670037,1670810
1670803,1672005
1672008,1672616
1672613,1673371
1673368,1674387
1674359,1674964
1674961,1676325
1677409,1680009
1680132,1680560
1680644,1681564
1681561,1682628
1682664,1683638
1683635,1684216
1684229,1684462
1684563,1687265
1687420,1688223
1688248,1688670
1688670,1691888
1691972,1695043
1695040,1696164
1696280,1696888
1696940,1697302
1697476,1697991
1698165,1698653
1698734,1700539
1700523,1702292
1702695,1703315
1703330,1703824
1704618,1705181
1705199,1705630
1706204,1707088
1707168,1707917
1708312,1708518
1708857,1711268
1711672,1712637
1712634,1713209
1713234,1715099
1715236,1716435
1716858,1717160
1717193,1722328
1722431,1723339
1723356,1723598
1723649,1724122
1724196,1724462
1724612,1725565
1725584,1726993
1727009,1727827
1727824,1728651
1728653,1730395
1730392,1731780
1731955,1732893
1732926,1734779
1734776,1735948
1735941,1737065
1737087,1739384
1739674,1740849
1748263,1748709
1748792,1749733
1749878,1751176
1751283,1752371
1752413,1752940
1753095,1753841
1753845,1754942
1755143,1756123
1756156,1756617
1756629,1756862
1756864,1757673
1757771,1758673
1758694,1761291
1761318,1761992
1762200,1763165
1763209,1763751
1763941,1764843
1764871,1765077
1765117,1765470
1765499,1765900
1765915,1767294
1767359,1767739
1767846,1768490
1768520,1769389
1769479,1769700
1769720,1770526
1770648,1771406
1771594,1772040
1772178,1773410
1773514,1774773
1774991,1775983
1776257,1776829
1776910,1777578
1777763,1778338
1778415,1779482
1779714,1780802
1780824,1781126
1781196,1781504
1781661,1784339
1784473,1785798
1785841,1786614
1786607,1787287
1787280,1787648
1787769,1788752
1788812,1789777
1789825,1793085
1793082,1795253
1795681,1796925
1796987,1797880
1797897,1798727
1798772,1800241
1800256,1804848
1805041,1805928
1805925,1806443
1806446,1807552
1807643,1808458
1808460,1809107
1809118,1809759
1810157,1811197
1811219,1812961
1812978,1813436
1813457,1814332
1814403,1815080
1815143,1817122
1817112,1817879
1818007,1818516
1818740,1819213
1819244,1819798
1820133,1821494
1821518,1822273
1822421,1823353
1823494,1824924
1824936,1826387
1826411,1826704
1826829,1827944
1827941,1829956
1829982,1832177
1832242,1832919
1833125,1834480
1834523,1834777
1834795,1835091
1835229,1836491
1836516,1838045
1838051,1838617
1838614,1839663
1839682,1841109
1841094,1843313
1843306,1843989
1843993,1844238
1844250,1844963
1845044,1846336
1846355,1847479
1847472,1847960
1848166,1848690
1854077,1854682
1854748,1855521
1855571,1855933
1855952,1857184
1857242,1857772
1857856,1858611
1858651,1859010
1859050,1859250
1859272,1859787
1860200,1861090
1861907,1862251
1862459,1862893
1862893,1863480
1863501,1864217
1864248,1864637
1864657,1865394
1865394,1865912
1865922,1866308
1866336,1867070
1867180,1867410
1867427,1867699
1867802,1869460
1869532,1872243
1872724,1873620
1873764,1875116
1875129,1875461
1875574,1876560
1876575,1880135
1880158,1880847
1881041,1881274
1881381,1882124
1882128,1883069
1883062,1884075
1884096,1884665
1884846,1886894
1886887,1887777
1887913,1888575
1888615,1890273
1890288,1890653
1890951,1891139
1891236,1891880
1891944,1892600
1892603,1893478
1893497,1895464
1895461,1896219
1896242,1897576
1897577,1898515
1898529,1900922
1900927,1902126
1902281,1902484
1902484,1903101
1903120,1903995
1904152,1905864
1905952,1906551
1906592,1907221
1907218,1907919
1907916,1908830
1908827,1909591
1909614,1912826
1912819,1913910
1913907,1915187
1915175,1916086
1916166,1917452
1917581,1918132
1918363,1918593
1918681,1919505
1919525,1920436
1920436,1920900
1920982,1922265
1922439,1923809
1923825,1924757
1924754,1925596
1925600,1926322
1926482,1926898
1926935,1928425
1928579,1928785
1928798,1931011
1931026,1931319
1931442,1932266
1932324,1933025
1933037,1933270
1933333,1934238
1934321,1934758
1934765,1935298
1935334,1935948
1935964,1936749
1936764,1937603
1937783,1938415
1938538,1939155
1939168,1939980
1939999,1942638
1942687,1943064
1943068,1944051
1944145,1944768
1944908,1946419
1946488,1947363
1947416,1947898
1947914,1948858
1948871,1950763
1951284,1952564
1952721,1953149
1953513,1953713
1953836,1954237
1954255,1955127
1955205,1955474
1955598,1956656
1956848,1958155
1958162,1958740
1958968,1960476
1960496,1961644
1962225,1962566
1962698,1963243
1963240,1963605
1963852,1964457
1964489,1966972
1967015,1967506
1967499,1968158
1968169,1968888
1969037,1970329
1970343,1971524
1971547,1972131
1972176,1974962
1975059,1975442
1975446,1976303
1976307,1977140
1977307,1977780
1977928,1978905
1978895,1980076
1980091,1980495
1980511,1981302
1981299,1981634
1981774,1982640
1982630,1983736
1984056,1985192
1985218,1986345
1986342,1987346
1987365,1988048
1988159,1989802
1989805,1990812
1991047,1993326
1993372,1994637
1994751,1995434
1995520,1996116
1996204,1996749
1996784,1998037
1998168,1999454
1999468,2000571
2000592,2001674
2001674,2002048
2002045,2003142
2003145,2004311
2004515,2004958
2004977,2005942
2005953,2006666
2006689,2007456
2007515,2008084
2008319,2008594
2009006,2009986
2010089,2011105
2011128,2012438
2012582,2013727
2014086,2014760
2014776,2015738
2015819,2016538
2016858,2018261
2018258,2019265
2019420,2019644
2019686,2020297
2020738,2021256
2021272,2023062
2023163,2023879
2024062,2024796
2024799,2025395
2025392,2026141
2026157,2027467
2027648,2028466
2028485,2029669
2029698,2030591
2030744,2031196
2031438,2032460
2032460,2033485
2033587,2034528
2034693,2035517
2035507,2036505
2036521,2037141
2037141,2037956
2037953,2038840
2039441,2039998
2040274,2040933
2040911,2042110
2042157,2042900
2042913,2043521
2043540,2044457
2044481,2045749
2045765,2046046
2046046,2046489
2046507,2047256
2047444,2048514
2048623,2049414
2049419,2050339
2050639,2052114
2052233,2052664
2052696,2052833
2052816,2053301
2053274,2053801
2054493,2056187
2056205,2057926
2057927,2058418
2058516,2059511
2059669,2061207
2061209,2062261
2062263,2063651
2063638,2064219
2064238,2065506
2065698,2066417
2066455,2067756
2067887,2068897
2068977,2069648
2069710,2070657
2070754,2071170
2071187,2072182
2072205,2073269
2073282,2074103
2074084,2074902
2074925,2075392
2075412,2076113
2076115,2076846
2077019,2078014
2078132,2079829
2080027,2081484
2081505,2082476
2082495,2083424
2083537,2085021
2085021,2086760
2086817,2087428
2087489,2088793
2088797,2091454
2091698,2094808
2094877,2095077
2095366,2096061
2096075,2097064
2097176,2099941
2100224,2100751
2100845,2101366
2101371,2102477
2102608,2104062
2104059,2104904
2104901,2106001
2106329,2108209
2108500,2109603
2110009,2110785
2110909,2111199
2111222,2111680
2111684,2112373
2112492,2113667
2113734,2115014
2115381,2116193
2116216,2117307
2117304,2118671
2118812,2119786
2119833,2121308
2121483,2123738
2123735,2124097
2124114,2125052
2125065,2125496
2125699,2126946
2127062,2128876
2128806,2129192
2129185,2130078
2130228,2130401
2130492,2131028
2131158,2132330
2132412,2134652
2134695,2135735
2135754,2136236
2136239,2136796
2136893,2137174
2137205,2137654
2137702,2138757
2138904,2139809
2140046,2140963
2141071,2141814
2141820,2142461
2142480,2143097
2143109,2144734
2144874,2145065
2145127,2145513
2145652,2146044
2146089,2146298
2146449,2147426
2147684,2149312
2149348,2149632
2149868,2150554
2150556,2150759
2150786,2151433
2151744,2153696
2153720,2154679
2155223,2156245
2156242,2156697
2156694,2157386
2157383,2157844
2157949,2159094
2159224,2159604
2159697,2160053
2160043,2160432
2160538,2161164
2161161,2162054
2162323,2164011
2164106,2165377
2166012,2167343
2167353,2167943
2168054,2169097
2169312,2170526
2170530,2171900
2172068,2173591
2173635,2173832
2173836,2174486
2174488,2175420
2175438,2176787
2176815,2177090
2177096,2177563
2177571,2179577
2179758,2181203
2181329,2182216
2182218,2182784
2182823,2183800
2184120,2184347
2184344,2186338
2186345,2186527
2186557,2187411
2187663,2188424
2188430,2189563
2189605,2190402
2190489,2191445
2191525,2192256
2192379,2192609
2192693,2193448
2193645,2194412
2194399,2196339
2196382,2197206
2197267,2197728
2197763,2199115
2199365,2200723
2200723,2201544
2201719,2203980
2203996,2204829
2204857,2205708
2205709,2207016
2207103,2208362
2208576,2210351
2210609,2211244
2211280,2212245
2212384,2212620
2213218,2215041
2216054,2216743
2217222,2217953
2217963,2218862
2218879,2219733
2219751,2220845
2220862,2221173
2221186,2221659
2221671,2223128
2223324,2224226
2224219,2225454
2225471,2225944
2226533,2227198
2227412,2229154
2229193,2229927
2230042,2231058
2231127,2231981
2232087,2233094
2233150,2233791
2233841,2234158
2234357,2234533
2234575,2234874
2234982,2235308
2235305,2235742
2235739,2236788
2236844,2239135
2239672,2240013
2240068,2241969
2242097,2242282
2242376,2243425
2243448,2244416
2244419,2245141
2245143,2245883
2245899,2246975
2247050,2247928
2247998,2248693
2248946,2249617
2249683,2250300
2250431,2250820
2250846,2251004
2251050,2251979
2252001,2253224
2253221,2254804
2255034,2256401
2256507,2257580
2257754,2258515
2258697,2259260
2259366,2259713
2259753,2264591
2264772,2268230
2268424,2268900
2268961,2269701
2269705,2270484
2270465,2271454
2271444,2272316
2272403,2274112
2274127,2274750
2274961,2275221
2275520,2277325
2277398,2278513
2278639,2279292
2279524,2279919
2280238,2281206
2281203,2282279
2282297,2283331
2283331,2284260
2284539,2286215
2286839,2287183
2287518,2288513
2288571,2288987
2288971,2289423
2289545,2290786
2290989,2291927
2292047,2293174
2293497,2293685
2293775,2294464
2294555,2297155
2297304,2297981
2298093,2298863
2298927,2299712
2299833,2300177
2300334,2301263
2301260,2302321
2302518,2303021
2303060,2304283
2304267,2305019
2305180,2305602
2305632,2305994
2306177,2306716
2306833,2307714
2307755,2308696
2308741,2311464
2311461,2312696
2312839,2313192
2313274,2314407
2314511,2315878
2315948,2316742
2316739,2317644
2317644,2317841
2317950,2320094
2320416,2320841
2320906,2321775
2322031,2323335
2323375,2324253
2324554,2325408
2325477,2327402
2327461,2328330
2328363,2329571
2329731,2330921
2330959,2332023
2332020,2332898
2332888,2333283
2333375,2333857
2334003,2334569
2334586,2335455
2335468,2335860
2335862,2336518
2336515,2337399
2337786,2338406
2338420,2339418
2339611,2341071
2341064,2341789
2341865,2343013
2343056,2343685
2343858,2345150
2345260,2345526
2345567,2346088
2346252,2346596
2346593,2346784
2346935,2347285
2347276,2348151
2348231,2348539
2348604,2349356
2349475,2350320
2350398,2351300
2351384,2351746
2351767,2352615
2352616,2356323
2356325,2359798
2359948,2360304
2360435,2360713
2360908,2361141
2361582,2361791
2361897,2362274
2362306,2362656
2362661,2363110
2363135,2363632
2363709,2364260
2364754,2365599
2365599,2365880
2365893,2366258
2366288,2366446
2366451,2366768
2366780,2367853
2367853,2368881
2368882,2369907
2369916,2370734
2370736,2376099
2376110,2376715
2376721,2377143
2377198,2377530
2377460,2377894
2377897,2378304
2378304,2378642
2378642,2379004
2379004,2379399
2379418,2380419
2380419,2381009
2381088,2382227
2382228,2383988
2384001,2385332
2385301,2386095
2386141,2386680
2387046,2387480
2387499,2387663
2387792,2388175
2388179,2388583
2388528,2388710
2388729,2389211
2389208,2389387
2389491,2389658
2389655,2390116
2390113,2390583
2390580,2391023
2391020,2391217
2391220,2391816
2391813,2392625
2392622,2393596
2393613,2394311
2394317,2394793
2394790,2394984
2395290,2395478
2395586,2395801
2395798,2396331
2396454,2397230
2397212,2397487
2397294,2397491
2397493,2397774
2397800,2398084
2398287,2398529
2398685,2399161
2399320,2399487
2399542,2400243
2400264,2400944
2401008,2402366
2402357,2402833
2402888,2403235
2403341,2405239
2405241,2406164
2406161,2406913
2407128,2408453
2408450,2408893
2408967,2409878
2409875,2410993
2411126,2411827
2411900,2413222
2413219,2413485
2413478,2414473
2414470,2415249
2415246,2415953
2415967,2416683
2416705,2417514
2417531,2418067
2418083,2418628
2418871,2419770
2419797,2421749
2421878,2423476
2423480,2424721
2424922,2425533
2425723,2426253
2426270,2427001
2427045,2427890
2428010,2430793
2430826,2431296
2431688,2433211
2433224,2434618
2434627,2434866
2435023,2436141
2443368,2444126
2444231,2445583
2445685,2446092
2446240,2446593
2446747,2447913
2448052,2449155
2449155,2449835
2449878,2450192
2450437,2451798
2451840,2452235
2452322,2452906
2453138,2454349
2454695,2457103
2457087,2457512
2457512,2457859
2457852,2459336
2459343,2459822
2459819,2460106
2460090,2460683
2460720,2461091
2461219,2461692
2461803,2463029
2463066,2463884
2463969,2465180
2465630,2466625
2466713,2467342
2467388,2467621
2467643,2467969
2468210,2468392
2468545,2468703
2469093,2471915
2472089,2472325
2472438,2472938
2472963,2474273
2474309,2474752
2474801,2475568
2475588,2475863
2475860,2477251
2477385,2478224
2478225,2478590
2478623,2479465
2479607,2479921
2480325,2480528
2480531,2480944
2481023,2481574
2481732,2483126
2483149,2483592
2483589,2484815
2484816,2486117
2486136,2486921
2487261,2488337
2488379,2489209
2489274,2489948
2489945,2490967
2491285,2491473
2491552,2492694
2492684,2493379
2493454,2494329
2494522,2494806
2494891,2495268
2495309,2495662
2495818,2496993
2497069,2498238
2498381,2499172
2499169,2500179
2500179,2501150
2501306,2501470
2501603,2502361
2502401,2503804
2503931,2504236
2504300,2505157
2505425,2505835
2505858,2506370
2506494,2506835
2506867,2507250
2507306,2508202
2508247,2508816
2508992,2509411
2510361,2514293
2514308,2515210
2515312,2518587
2518971,2519879
2519935,2520399
2520415,2522796
2522830,2523576
2523835,2524068
2524168,2524911
2525094,2525813
2525946,2526119
2526222,2527514
2527650,2529182
2529184,2529939
2529985,2531175
2531310,2532320
2532352,2533398
2533840,2535183
2535342,2536268
2536347,2538581
2538588,2539196
2539213,2539611
2539838,2540173
2540421,2541857
2542014,2542610
2542658,2544049
2544267,2545433
2545487,2546503
2546530,2547501
2547509,2548477
2548479,2549354
2549462,2551192
2551234,2552295
2552312,2553295
2553414,2554373
2554452,2555927
2556013,2556510
2556514,2557167
2557211,2558044
2558130,2559068
2559255,2559608
2559617,2559817
2559841,2561052
2561120,2562382
2562591,2565461
2565469,2567445
2567696,2567935
2567956,2568603
2568625,2569011
2569117,2569422
2569690,2570349
2570362,2571141
2571156,2571971
2571999,2572883
2572880,2573803
2573897,2574805
2575061,2576836
2576836,2577546
2577696,2578871
2578899,2580347
2580470,2581780
2581900,2583105
2583181,2584065
2584055,2584741
2585245,2586108
2586114,2587097
2587300,2589813
2590044,2590607
2590802,2591458
2591451,2592770
2592965,2593816
2593837,2594523
2594908,2595543
2595485,2596090
2596266,2597324
2597363,2598415
2598423,2599547
2599548,2600282
2600408,2601241
2601632,2601997
2602249,2602683
2602705,2603700
2603863,2605155
2605337,2605573
2605697,2606101
2606123,2607544
2607605,2608477
2608515,2610029
2610056,2610595
2610592,2611104
2611192,2611410
2611482,2612198
2612205,2612603
2612797,2612967
2613435,2614574
2614692,2615321
2615458,2616699
2616835,2617242
2617239,2618276
2618577,2619428
2619415,2620491
2620514,2621089
2621201,2622067
2622067,2623122
2623125,2624411
2624633,2624878
2624980,2625417
2625414,2626361
2626442,2627713
2627816,2629087
2629208,2630278
2630285,2631310
2631303,2632586
2632907,2633761
2633930,2634850
2635167,2637920
2637964,2639562
2639930,2640466
2640832,2642502
2642499,2642948
2643026,2643679
2643753,2643938
2643973,2645295
2645310,2646146
2646464,2646664
2646686,2647009
2647164,2648825
2648960,2649574
2649598,2650230
2650231,2650755
2650758,2651756
2651853,2652125
2652174,2653085
2653211,2657803
2658024,2658851
2658966,2659841
2659852,2660145
2660178,2660339
2660408,2661076
2661076,2662164
2662243,2663622
2663619,2664296
2664343,2665128
2665190,2665666
2665666,2668653
2669152,2669994
2670042,2671523
2671624,2672511
2678302,2679330
2679599,2681125
2681167,2682018
2682040,2682462
2682584,2682943
2683187,2684056
2684251,2684643
2684665,2685102
2685297,2686043
2686049,2686846
2686849,2687715
2687691,2688530
2688661,2689323
2689442,2690332
2690371,2691465
2691673,2692080
2692097,2693041
2693151,2693540
2693563,2693928
2693947,2694060
2694164,2694382
2694769,2695416
2695476,2696771
2696771,2697211
2697267,2697446
2697463,2697966
2697988,2698347
2698387,2698923
2698954,2699352
2699383,2699568
2699600,2700139
2700166,2700477
2700515,2700883
2700963,2701226
2701254,2701445
2701435,2701869
2701872,2702528
2702532,2702888
2702909,2703187
2703275,2704108
2704149,2704433
2704433,2705056
2705082,2705711
2705746,2706054
2706415,2707215
2707235,2708194
2708276,2709358
2709522,2710421
2710869,2712755
2712931,2713365
2713398,2713940
2713962,2714942
2715032,2716363
2716408,2717394
2717422,2718234
2718312,2719055
2719056,2719775
2719735,2720484
2720497,2721489
2721559,2722857
2722884,2723156
2723159,2723593
2723786,2725852
2726008,2727195
2727304,2729391
2729457,2729927
2729958,2730371
2730564,2731961
2731976,2732455
2732589,2733233
2733230,2735245
2735279,2735953
2735962,2736402
2736597,2737628
2737630,2738682
2738719,2739990
2740052,2740333
2740390,2740854
2740888,2742957
2743326,2744138
2744212,2744574
2744571,2744939
2744985,2745791
2745907,2746377
2746423,2746878
2747073,2747414
2747427,2748683
2748685,2749497
2749538,2750233
2750230,2752920
2752936,2753508
2753523,2755568
2755580,2757265
2757606,2757911
2758046,2759353
2759390,2759692
2760147,2760680
2760845,2761954
2761951,2763081
2763082,2765652
2765824,2766078
2766207,2766773
2766935,2768707
2768944,2769273
2769381,2770007
2770060,2771439
2771623,2772612
2772634,2773230
2773234,2773608
2773714,2774565
2774684,2775523
2775644,2776486
2776532,2776777
2776792,2777388
2777497,2777814
2777844,2779583
2779910,2780374
2780392,2780574
2780577,2780798
2780933,2782297
2782739,2782894
2783466,2784107
2784354,2784674
2784805,2786319
2786435,2787373
2787416,2788363
2788504,2790243
2790243,2791967
2791967,2792980
2792967,2794373
2794755,2795225
2795420,2796997
2797039,2797758
2797838,2798572
2798626,2799087
2799108,2799551
2799609,2800961
2800958,2801407
2801577,2802458
2802543,2802998
2802998,2803402
2803445,2804056
2804070,2804438
2804522,2805274
2805440,2807398
2807459,2810107
2810109,2811791
2811788,2812921
2812925,2813881
2813949,2815283
2815401,2816090
2816083,2816373
2816363,2817571
2817688,2818035
2818054,2818698
2818841,2819530
2819860,2821587
2821641,2821892
2821912,2823195
2823530,2823949
2824079,2824651
2824648,2826354
2826515,2828236
2828236,2830008
2830284,2830523
2830542,2831879
2832058,2833725
2833834,2835987
2836011,2837783
2837944,2839410
2839698,2840228
2840286,2841896
2842035,2842385
2842413,2843867
2843914,2844216
2844249,2845601
2845613,2846497
2846490,2846798
2846839,2847573
2847673,2848335
2848406,2849536
2849563,2850450
2850620,2852950
2852988,2854436
2854429,2856282
2856379,2857218
2857580,2858203
2858196,2860364
2860426,2860821
2861424,2862614
2862774,2863283
2863561,2864661
2864813,2865121
2865127,2867397
2867432,2867731
2867746,2869041
2869191,2871107
2871318,2872784
2872932,2873915
2873915,2875837
2875945,2876775
2876947,2877153
2877160,2878011
2878004,2878765
2878989,2879747
2879906,2880205
2880217,2881071
2881243,2882049
2882033,2882938
2882963,2883409
2883422,2884078
2884141,2885547
2885581,2886582
2886584,2887297
2887499,2888215
2888368,2888634
2888639,2889001
2888994,2890277
2890274,2890666
2890779,2891171
2891269,2891652
2891649,2892032
2892057,2892437
2892596,2894485
2894510,2895883
2896241,2897059
2897116,2897823
2897847,2898374
2898535,2899266
2899313,2900506
2900594,2901784
2901800,2903200
2903200,2904402
2904598,2906940
2907153,2909708
2909753,2910076
2910085,2911326
2911415,2912602
2912595,2913686
2914057,2915205
2915219,2915641
2915744,2916097
2916291,2916890
2916946,2917266
2917389,2918051
2918048,2919169
2919166,2921343
2921340,2922371
2922429,2923223
2923236,2924288
2924307,2925158
2925145,2926026
2926101,2927393
2927390,2928631
2928668,2929090
2929315,2930340
2930479,2932473
2932609,2933148
2933303,2934715
2934756,2935070
2935083,2935904
2935917,2937179
2937192,2938643
2938662,2939930
2940053,2941033
2941083,2941544
2941599,2942219
2942216,2943079
2943120,2943479
2943569,2943703
2943871,2944341
